duration,shap_duration,credit_amount,shap_credit_amount,installment_rate,shap_installment_rate,present_residence,shap_present_residence,age,shap_age,number_credits,shap_number_credits,people_liable,shap_people_liable,foreign_worker,shap_foreign_worker,checking_status,shap_checking_status,credit_history,shap_credit_history,purpose,shap_purpose,savings_status,shap_savings_status,employment,shap_employment,personal_status,shap_personal_status,other_parties,shap_other_parties,property_magnitude,shap_property_magnitude,other_payment_plans,shap_other_payment_plans,housing,shap_housing,job,shap_job,own_telephone,shap_own_telephone,label,pred_proba,pred_label
30,-0.03259887,2333,-0.0026056226,4,0.03122856,2,0.03177479,30,0.014928954,1,0.0004219003,1,0.0003158655,1,9.1286376e-05,1,0.010052573,3,0.07333038,4,-0.039834842,4,-0.03826951,5,0.06364351,5,0.11619668,1,0.00013167108,2,-0.02654584,1,-0.093655616,3,0.0137938205,4,0.0090478575,1,0.01933603,1,0.57167226,1
12,0.009134749,1330,-0.00040473044,4,-0.03125988,1,-0.00172114,26,-0.008510432,1,-0.0013840813,1,0.0016430952,1,0.0028538033,4,-0.0754524,3,-0.06511908,1,0.07172203,2,-0.076550364,2,0.0515752,5,-0.10029124,1,0.0009496901,4,-0.06986695,3,-0.0006565694,3,-0.017564084,3,0.00011795852,1,-0.01635856,0,0.655069,1
42,-0.04776955,6289,-0.007974605,2,0.011016168,1,-0.0001585409,33,0.017858397,2,0.0053128153,1,-0.00023245485,1,-0.0006265603,4,0.08791312,2,0.018576095,10,0.042535882,2,0.08382021,2,-0.057374604,1,-0.00031471148,1,0.00014876947,3,-0.084037095,3,0.006590871,3,0.01637092,3,-0.009447164,1,0.019299652,1,0.5473887,1
30,-0.025153777,3832,-0.0019571986,2,0.009920474,1,-0.0003442322,22,0.0037922747,1,-0.0034636436,1,0.001213287,1,-0.0006215265,3,-0.06968443,3,0.06554401,3,0.104078874,2,0.07393751,2,-0.05916453,3,-0.23761791,1,0.002501479,3,-0.07175894,3,0.0032254471,3,0.016882591,3,-0.012487436,1,0.021291535,1,0.4079072,0
24,0.025307845,1371,0.002168227,4,-0.03087113,4,-0.08911092,25,-0.0073027723,1,-0.0005600925,1,0.00073176995,1,-0.00089049595,2,-0.07245512,3,-0.06815354,1,0.07258363,1,0.036925092,3,-0.04010836,2,-0.011807454,1,-0.0011381176,4,-0.078643195,3,-0.0055064242,2,0.036934122,3,0.007616737,1,-0.019248968,0,0.61636996,1
6,-0.002799602,700,0.0002727285,4,0.029306486,4,0.09141163,36,0.022205671,2,0.0029340126,1,9.185821e-05,1,-0.0006174538,1,0.01285913,1,0.004559369,4,-0.034637276,1,-0.039323587,5,0.059148822,5,0.10782887,1,0.00090802624,1,-0.0422082,3,0.0040353825,1,0.03913103,3,-0.0074330224,1,0.017945834,1,0.6267617,1
12,-0.009582905,983,-0.0012145378,1,0.0014616698,4,0.08786541,19,-0.0012712982,1,0.0017638328,1,0.0021549826,1,-0.00063566305,3,-0.07093609,3,0.07072737,3,0.10707518,5,0.06259866,2,-0.054832146,2,0.011031669,1,-0.000984503,4,0.08135741,3,0.0045043128,2,-0.03738387,2,-0.009778333,1,0.01703363,1,0.6245765,1
27,-0.027875688,8318,-0.009973176,2,0.009308424,4,0.0883248,42,0.027716924,2,0.0043022726,1,0.0004358478,1,-0.00021131593,3,-0.0694444,2,0.014646149,10,0.038518656,2,0.076413825,5,0.058647186,2,0.009747082,1,0.0024990216,1,-0.040614996,3,0.0067588263,1,0.040659606,4,0.0053869677,2,0.038563896,1,0.6305857,1
24,-0.025157819,1249,-0.00084989984,4,0.031947464,2,0.030711403,28,0.0107874125,1,0.00046113878,1,-0.0013476312,1,-3.0160882e-05,1,0.0103240255,3,0.07136405,1,-0.07542654,2,0.0806191,2,-0.056607097,3,-0.24255282,1,-0.00030016853,4,0.08337183,3,0.005649843,3,0.014630923,3,-0.006891705,1,0.019087,1,0.4717028,0
7,0.0038636522,730,0.00049401633,4,-0.032798737,2,-0.030966552,46,-0.034309365,2,-0.0048775114,1,-0.0004673656,1,-0.00054572057,1,-0.010512006,1,-0.006859614,4,0.039393358,1,0.039341107,5,-0.062357035,5,-0.1180888,1,0.00018178672,3,0.08262507,3,-0.0063205822,2,0.04047039,2,0.010474788,2,-0.040114075,0,0.56214106,1
12,0.0065054554,3077,0.005989272,2,-0.009454463,4,-0.07145793,52,-0.03470731,1,0.0029713842,1,0.0021865312,1,0.0025061108,1,-0.012229558,3,-0.068868995,4,0.039555337,2,-0.06786002,3,-0.036307283,5,-0.0992794,1,-0.0007883562,2,0.032374114,3,-0.0037806667,3,-0.012385181,3,-0.0028864406,2,-0.04091828,0,0.673659,1
42,0.046460837,7174,0.0088046435,4,-0.031500664,3,-0.06155712,30,-0.014206269,1,0.0006361194,1,-0.0006179111,1,0.00021543354,2,-0.07721682,3,-0.07366565,4,0.039286226,1,0.039758787,4,-0.024173671,2,-0.011493221,1,9.447988e-05,2,0.02653727,3,-0.005688155,3,-0.016451618,4,-0.0077114496,2,-0.040494263,0,0.59702295,1
30,-0.028659724,4249,-0.0053686127,4,0.030165307,2,0.028560102,28,0.008325063,2,0.0057635456,1,-0.00011964142,1,0.00010962598,3,-0.069909915,1,0.011343169,1,-0.0744231,2,0.07517663,1,0.019434696,3,-0.23546675,1,-0.0067956476,2,-0.023691429,3,0.0066019585,3,0.015069258,4,0.011593174,1,0.016040143,1,0.39045605,0
24,0.023841994,4526,0.0062209778,3,-0.016312173,2,-0.02828006,74,-0.049868423,1,-0.00024610385,1,-0.0019208295,1,0.008137535,1,-0.021397253,1,0.016853571,10,-0.042954408,2,-0.056731805,3,-0.025416076,5,-0.094268575,1,-0.0066347467,4,-0.07957232,3,0.007494337,3,-0.016291209,4,-0.007872899,2,-0.027346931,0,0.6925866,1
30,-0.033531677,2150,-0.0026309018,4,0.03267985,2,0.031775594,24,0.006603201,1,-0.00018709013,1,0.00018690713,1,-0.00019104965,3,-0.07934923,3,0.0759492,1,-0.082285576,2,0.08521001,3,0.041356917,2,0.013015192,3,0.024662726,1,-0.045857675,1,-0.097120866,3,0.015133973,3,-0.008856191,1,0.019468552,1,0.49479344,0
24,0.021405334,1358,-0.00338348,4,-0.026967332,3,-0.05643762,40,-0.024495326,1,0.0017674714,1,0.0008262568,1,-0.000696145,2,-0.068350434,4,0.0178857,0,0.09074192,1,0.03970588,5,-0.055385735,5,-0.11092499,1,-0.0002854052,2,0.029244866,2,-0.08106702,3,-0.013144939,4,-0.010651733,2,-0.037833873,0,0.6371936,1
10,-0.007719739,1418,-0.0011802483,3,0.020541605,2,0.030783378,35,0.01962315,1,0.0010092519,1,-0.00036783423,2,-0.07635475,1,0.011593251,3,0.0730339,1,-0.08291833,3,-0.033361305,3,0.038723376,5,0.11699303,1,-0.0011577248,4,0.08472182,3,0.005472529,2,-0.038631767,2,-0.008064733,1,0.018135048,1,0.5814814,1
15,-0.014635982,2326,-0.002362351,2,0.010747828,4,0.0945497,27,0.010915731,1,4.1563064e-05,1,0.00024440698,1,-0.000366237,3,-0.078678176,1,0.006996773,10,0.042291813,4,-0.041146763,3,0.040578358,5,0.1177127,1,-0.000984495,2,-0.027240256,1,-0.09596471,3,0.0156859,3,-0.008581154,1,0.020477043,1,0.54182035,1
24,0.024768682,3878,0.004271824,4,-0.032059845,2,-0.03082649,37,-0.022662038,1,-0.00061433343,1,-0.00042361952,1,-1.1794502e-05,3,0.077873774,1,-0.00582572,1,0.080617234,3,0.039059076,2,0.056777887,1,-0.0015456948,1,0.0002760077,2,0.025208188,3,-0.0046625063,3,-0.014807394,3,0.008468708,2,-0.03939297,0,0.41535547,0
30,-0.033187553,4221,-0.005457744,2,0.010795876,1,5.1346753e-05,28,0.011938,2,0.0051070973,1,4.3796375e-05,1,0.00020434335,3,-0.078787565,2,0.017042218,10,0.044436052,2,0.08511394,3,0.04166232,2,0.0125217885,1,-0.00063883397,2,-0.028049817,3,0.005963637,3,0.015745468,3,-0.009419512,1,0.020103268,1,0.5541582,1
9,-0.0051048193,1422,-0.0010577366,3,0.019390393,2,0.029100873,27,0.010498293,1,-0.0009132996,1,0.00053894427,1,-0.003675058,2,0.06920623,3,0.0650339,1,-0.07674331,2,0.07726678,2,-0.04789486,5,0.1055297,1,-0.0039446927,1,-0.03629088,3,0.00858045,1,0.040498033,4,0.00910232,2,0.03772135,1,0.6412504,1
10,-0.007779482,1546,-0.0026005693,3,0.018006599,2,0.028318785,31,0.013313727,1,0.0005093999,2,-0.04695307,2,-0.07080054,1,0.009317395,3,0.07469393,1,-0.073549196,2,0.07665648,3,0.03852161,5,0.10646635,1,0.0018265247,4,0.07639788,3,0.00950918,3,0.011971513,2,-0.009074889,1,0.0147579685,1,0.6285798,1
18,-0.016233362,3244,-0.0038149655,1,-0.0003384184,4,0.090177864,33,0.017223313,2,0.004656993,1,-0.0011284351,1,-0.00068768277,3,-0.0708396,2,0.015898118,3,0.11835079,2,0.08381261,3,0.03765961,2,0.008023547,1,-0.0036201412,2,-0.026643448,1,-0.09393446,3,0.016366042,3,-0.008285219,2,0.04007374,1,0.59881824,1
42,-0.04742242,4370,-0.0062580556,3,0.020802248,2,0.030908853,26,0.00863833,2,0.005384447,2,-0.055567767,1,0.00038963556,2,0.0763217,0,0.04512489,4,-0.0381015,2,0.08277068,4,0.024877315,5,0.115962274,1,-6.612763e-05,3,-0.083465375,1,-0.09385411,3,0.015634399,3,-0.0076325266,2,0.040693022,1,0.5639945,1
30,-0.032766312,7596,-0.00883329,1,-0.000655964,4,0.09209729,63,0.055985354,2,0.0054014456,1,-3.494695e-05,1,-0.0008252673,1,0.0095341215,1,0.0051273187,2,-0.12170519,1,-0.03833689,5,0.06190055,5,0.11581642,1,0.0013172836,2,-0.02484414,3,0.0061814147,3,0.014724756,3,-0.010161075,1,0.018469518,1,0.5705008,1
24,-0.0206448,2924,-0.0041909367,3,0.01869206,4,0.08412205,63,0.04899731,1,0.0008900196,2,-0.050856285,1,-0.0013087336,2,0.073229805,3,0.06593286,2,-0.11220303,2,0.078263335,3,0.039516542,5,0.10416366,3,0.0268508,1,-0.038645472,1,-0.08517638,3,0.0132435765,3,-0.012536034,2,0.037465822,1,0.6268491,1
36,-0.040225204,8947,-0.010373513,3,0.020364407,2,0.03023279,31,0.0153765995,1,0.0008742912,2,-0.056027815,1,-0.0003854977,1,0.00968327,0,0.046115458,2,-0.12676612,1,-0.039725445,4,0.026612561,5,0.11732231,1,-8.170423e-05,2,-0.02676566,2,0.08948607,3,0.01575624,4,0.008146833,2,0.04046515,1,0.5565767,1
12,-0.013044898,795,-0.0027130842,4,0.024563324,4,0.07915024,53,0.034738872,1,0.00068719126,1,-0.0029191002,1,0.00084127486,2,0.072259165,3,0.056867264,7,0.10693718,2,0.07294116,2,-0.049000114,2,0.0037436765,1,-0.0020857803,3,-0.06267864,3,-0.0013437164,3,0.01655815,3,-0.009701471,1,0.018571706,1,0.66281295,1
6,-0.004093572,454,-0.00086402893,3,0.018548235,1,0.0023264587,22,0.004332863,1,0.00040339679,1,-0.0015731454,1,0.0007209182,3,-0.07917576,3,0.07022041,6,0.07745049,2,0.077350274,2,-0.054491274,3,-0.23572908,1,-0.00011117663,3,-0.080984786,3,0.0077737793,3,0.013461808,2,-0.0044162218,1,0.016945448,1,0.41175827,0
33,0.03613175,7253,0.009698283,3,-0.021664936,2,-0.030145062,35,-0.021100668,2,-0.0059746765,1,-0.00056062127,1,-0.0006672293,1,-0.011435626,1,-0.0076390402,2,0.12028931,2,-0.079706766,4,-0.023983998,5,-0.11483059,1,0.0017496701,2,0.028976884,3,-0.005479073,3,-0.016544923,4,-0.008258404,2,-0.03929221,0,0.5909723,1
21,-0.019037766,2745,-0.0031395964,3,0.020602707,2,0.026518697,32,0.014304577,2,0.005882036,1,-0.002077003,1,-0.00013335235,3,-0.074216604,1,0.0075198077,3,0.10619605,5,0.059426688,4,0.023329,5,0.10458657,1,0.0040681134,2,-0.025396414,3,0.00096076727,3,0.01244728,3,-0.006612108,2,0.042759962,1,0.64177775,1
6,-0.0031616718,1338,0.0009516664,1,-0.0027544945,4,0.07725166,62,0.038533907,1,-0.005077676,1,-0.0017580839,1,0.0016621742,1,0.01799208,3,0.07148706,5,0.058265593,4,-0.04230623,3,0.03972005,1,0.005652203,1,-0.005510552,4,0.0694235,3,0.0045423284,3,0.02333885,3,-0.0058023976,1,0.011153545,1,0.66692656,1
24,-0.020606734,2835,-0.005721569,3,0.016439846,4,0.07711932,53,0.039139014,1,0.0027833348,1,0.0008058492,1,0.0013759932,1,-0.0025891731,3,0.06387468,3,0.08545235,4,-0.026737617,5,0.052219227,5,0.10387934,1,0.007191904,3,-0.06680516,3,0.0032604323,3,0.0052593285,3,-0.0038943887,1,0.023172986,1,0.66782147,1
12,-0.008693455,3017,-0.0021601282,3,0.020070389,1,-0.0017571114,34,0.017754257,1,-0.0012378609,1,-0.0013216892,1,-0.00024417415,3,-0.0709607,3,0.07104475,3,0.111650035,2,0.075561784,2,-0.054038435,2,0.011402988,1,-0.003119721,4,0.08483571,3,0.0075178468,2,-0.034836,4,0.0085356,1,0.017766794,1,0.618374,1
12,-0.010089532,926,-0.0007142015,1,0.0008689314,2,0.031066172,38,0.024747543,1,-0.00013893843,1,0.0004084818,1,-7.1287155e-05,1,0.010991899,1,0.006279708,1,-0.07902213,2,0.08447558,1,0.025937377,2,0.011800328,1,-0.00013892818,3,-0.08425932,3,0.0059677847,3,0.016108267,1,0.059317105,1,0.01971198,1,0.55813676,1
6,0.0037677693,1238,0.00040097907,4,-0.028743057,4,-0.08248532,36,-0.021157045,1,0.0013381839,2,0.048978917,1,-0.0002716342,1,-0.009402067,3,-0.07064101,9,-0.05207374,1,0.03659814,1,-0.016831104,5,-0.10614868,1,0.0040154075,3,0.07502892,3,-0.0027298825,3,-0.012078782,4,-0.012213907,2,-0.03829149,0,0.6348286,1
18,-0.018668475,1582,-0.0009856522,4,0.026000628,4,0.0787909,46,0.03175974,2,0.0077315606,1,-0.0030744467,1,-0.0007643793,1,0.01243655,1,-0.0020514838,4,-0.044898298,5,0.058777057,5,0.06030969,5,0.104915954,1,0.005261396,2,-0.019368818,3,0.006846316,3,0.013986595,3,-0.004568046,1,0.016191391,1,0.65573984,1
6,0.0016848074,448,0.0018763356,4,-0.031753138,4,-0.07673168,23,-0.0037686392,1,-0.000593395,1,0.0006952062,1,0.0019214638,2,-0.068307966,3,-0.07016969,7,-0.08734194,2,-0.068738036,2,0.053947713,2,-0.0024417583,1,0.0013509914,3,0.07490649,3,-0.01191326,3,-0.021483848,3,-0.0019754332,1,-0.017541325,0,0.65472275,1
24,-0.023965467,999,-0.0003713332,4,0.031227734,2,0.030532734,25,0.008521695,2,0.0055150064,1,-0.0002058465,1,-0.0005139988,1,0.01067183,3,0.07077576,4,-0.03809666,1,-0.036923483,5,0.059572287,5,0.112210974,1,-0.0012938287,2,-0.025170853,3,0.0056414874,3,0.0136467,3,-0.0065980637,1,0.018211603,1,0.6115631,1
12,-0.00971032,1567,-0.0016506771,1,-0.00016812561,1,-4.0198676e-05,22,0.0039915224,1,0.00024776533,1,-0.00036599487,1,4.207343e-05,3,-0.07940177,3,0.07667747,4,-0.039490875,2,0.08509341,3,0.041893054,2,0.012658173,1,-0.00079325493,2,-0.027263835,3,0.0056433845,3,0.016859995,3,-0.009594926,2,0.040412508,1,0.55408466,1
6,-0.002615741,1554,-0.0018902197,1,3.42289e-05,2,0.031724878,24,0.006573243,2,0.0054594446,1,-4.035412e-05,1,-2.0448118e-05,1,0.010912599,1,0.006832853,4,-0.03962629,2,0.08544214,4,0.025378644,2,0.012073367,1,-0.00046246592,2,-0.027502427,3,0.0060909474,2,-0.040559877,3,-0.009001828,2,0.041373394,1,0.55168015,1
24,-0.021576025,5511,0.0017834269,4,0.027855597,1,-0.0012905784,25,0.0071161054,1,0.0006727502,1,-0.0017054789,1,0.0039741574,1,0.012709111,3,0.06623115,3,0.089601696,3,-0.033161383,3,0.035620503,5,0.097823046,1,-0.008620709,2,-0.02867128,2,0.080378234,3,0.016880114,3,-0.0035344874,1,0.012852263,1,0.6675193,1
45,-0.05242732,4576,-0.0056963284,3,0.021538297,4,0.09383505,27,0.010583779,1,0.00030148402,1,0.0005248077,1,-0.0004120092,3,-0.079262584,1,0.006811286,2,-0.12763087,3,-0.03967414,1,0.026583273,5,0.115830354,1,-0.0005633179,2,-0.02696068,3,0.00586149,3,0.016056703,3,-0.009029924,1,0.019887367,1,0.48486033,0
12,-0.0097022345,2002,-0.0032897796,3,0.021143936,4,0.09045403,30,0.012398468,1,-0.0011501685,2,-0.052468263,1,-0.0016306564,3,-0.07473881,3,0.07607924,1,-0.07448436,2,0.079824954,4,0.024098927,5,0.114713326,1,-0.0021605566,3,-0.07841543,3,0.006811996,2,-0.041174054,3,-0.0037970152,2,0.035168678,1,0.5553904,1
12,0.009682827,697,-0.00027539395,4,-0.03056553,2,-0.031013813,46,-0.03512889,2,-0.00470601,1,-0.0013190359,1,-0.0011081081,2,-0.07601162,4,0.01925466,1,0.07908067,2,-0.08341064,2,0.057038207,5,-0.11573291,1,0.00093873637,2,0.025411434,1,0.09289162,3,-0.015880402,3,0.009580864,2,-0.03912008,0,0.5665765,1
24,-0.023974357,2463,-0.005033953,4,0.02876577,3,0.059122525,27,0.0092439605,2,0.0045321584,1,-0.0012072222,1,-0.0008689491,1,0.010496099,1,0.013201765,1,-0.07747758,3,-0.032209925,4,0.020521056,3,-0.22487247,1,-0.0015434904,3,-0.08054089,3,0.006291693,3,0.015156775,3,-0.01181949,2,0.037397854,1,0.3722612,0
36,-0.04086644,11054,-0.014564187,4,0.03208813,2,0.031706396,30,0.014083827,1,0.0005640015,1,1.754053e-05,1,-0.00017106533,1,0.011553714,1,0.005761448,2,-0.12654577,1,-0.04224903,3,0.041564018,5,0.117325366,1,0.00040478678,2,-0.027572274,3,0.0062626502,3,0.016101282,4,0.009854381,2,0.04068889,1,0.5347253,1
12,-0.010364909,719,-0.0023835227,4,0.029970333,4,0.07179112,41,0.01908392,1,-0.0029059907,2,-0.04532345,1,-0.00016381592,1,0.0064698234,3,0.06352992,7,0.10322742,2,0.06305433,5,0.042167444,5,0.091949016,1,0.0062604286,2,-0.019825421,1,-0.07642133,3,0.009075981,2,-0.0022331728,1,0.018482352,1,0.6721646,1
12,-0.010844984,3527,-0.0044757575,2,0.011291917,3,0.063067675,45,0.033729512,1,-0.00012986735,2,-0.056972705,1,0.0005617626,1,0.011470484,3,0.07588579,1,-0.08022492,1,-0.041948874,2,-0.057010286,5,0.116492964,1,-0.00085150637,3,-0.08315442,3,0.005707857,3,0.015808942,4,0.009104542,2,0.04160647,1,0.5213217,1
36,-0.038703367,9566,-0.011127723,2,0.01066847,2,0.030532004,31,0.015814085,2,0.005517615,1,-0.00026863348,1,-0.0012483445,1,0.010809884,1,0.0065226443,4,-0.03873025,2,0.08224551,3,0.040405698,2,0.01177332,1,-0.002063684,2,-0.026276728,2,0.088282496,3,0.016379433,3,-0.008522192,1,0.018986918,1,0.600873,1
36,-0.031778466,8065,-0.0064318776,3,0.019230556,2,0.025134709,25,0.010500213,2,0.002489632,1,0.0007231408,1,0.0013332013,2,0.069865845,1,-0.00067516346,7,0.083049916,2,0.07051321,3,0.0334374,2,0.01189096,1,-0.0013074623,1,-0.034998965,3,0.007413199,3,0.01637847,4,0.008371997,2,0.03750179,1,0.6530323,1
15,-0.013781967,3186,-0.0042648213,2,0.011160856,3,0.0628427,20,0.0013806075,1,4.8710965e-05,1,-0.00023376569,1,-0.000109530985,1,0.0113698505,3,0.0761202,1,-0.079948336,5,0.06551071,4,0.024847962,2,0.012188768,1,-0.00097267097,2,-0.026136948,3,0.0058901645,2,-0.04054866,3,-0.00905599,1,0.019171273,1,0.554302,1
12,-0.009451614,1101,-0.0008134097,3,0.019408349,2,0.030336358,27,0.011515833,2,0.006292229,1,-0.0005578995,1,0.0004585348,1,0.012609141,3,0.07647482,1,-0.07763763,2,0.08078874,3,0.03861366,3,-0.23501652,1,-0.0015193913,4,0.08311793,3,0.005212427,3,0.014307269,3,-0.0094497865,2,0.037489895,1,0.53779495,1
10,-0.0058375034,2315,0.0043153204,3,0.018786231,4,0.07480769,52,0.022214886,1,5.624816e-05,1,-0.012370663,1,-0.0023209155,2,0.046937883,3,0.05727658,4,-0.021226406,2,0.05785494,5,0.06621581,5,0.072469845,1,0.010486291,4,0.0600685,3,-0.026073536,3,-0.008512185,2,0.0045740893,1,0.02064317,1,0.7042968,1
24,0.023613058,11938,0.017232105,2,-0.009267248,3,-0.054144766,39,-0.027043633,2,-0.0025116073,2,0.05340449,1,0.0014319606,3,0.06333805,1,-0.012624312,0,0.09441355,2,-0.07729053,3,-0.036890842,5,-0.103451595,2,-0.18730722,2,0.02414344,3,-0.0020489316,3,-0.013097697,4,-0.006008096,2,-0.036475558,0,0.6383666,1
6,-0.0015536149,590,-0.00012728758,3,0.017307214,3,0.05994603,26,0.007978542,1,0.00081890076,1,0.0010090619,2,-0.07708602,3,-0.07183031,3,0.06973095,4,-0.03957036,2,0.07626513,2,-0.061893947,3,-0.24196279,1,0.0019352604,4,0.08514395,3,0.010961788,3,0.014509684,2,-0.006123851,1,0.016539741,1,0.4282744,0
48,0.056245953,3979,0.004813764,4,-0.032586213,1,-0.00024234597,41,-0.028467502,2,-0.0060867406,2,0.056991838,1,3.734976e-05,3,0.07985869,3,-0.07656706,4,0.039522678,1,0.041385047,4,-0.025273643,5,-0.11869705,1,0.0007553231,2,0.027901527,3,-0.006758862,3,-0.015485301,3,0.009669805,2,-0.041337892,0,0.5139341,1
24,-0.01733975,3749,-0.004922159,2,0.010483146,4,0.07424681,26,0.009987811,1,0.00043916889,1,-0.0023739226,1,-0.0010003503,4,0.07822622,3,0.07155859,3,0.09540008,2,0.063034825,2,-0.05411931,2,0.013803259,1,0.0018618051,2,-0.02668456,3,0.008452328,3,0.013528314,3,-0.0060311025,1,0.017824156,1,0.66370755,1
12,-0.010125239,3573,-0.004434756,1,-5.0764298e-05,1,0.00050959736,23,0.0054082205,1,-0.00015479978,1,0.0001504235,1,6.5536704e-05,3,-0.07901493,1,0.0067042224,4,-0.039851937,2,0.084380046,3,0.041328542,2,0.012193374,1,-0.000417348,4,0.08726729,3,0.0063281376,3,0.016064797,2,-0.009707771,1,0.019702945,1,0.56458735,1
15,0.014130278,5045,0.0061203297,1,-0.00031099073,4,-0.09347883,59,-0.051647436,1,6.132666e-05,1,-0.00018027425,1,-0.00051629124,1,-0.010184349,1,-0.0074636843,1,0.07953592,1,0.039438527,5,-0.06258242,2,-0.010975872,1,-0.00047032628,2,0.026431058,3,-0.00617241,3,-0.01661163,3,0.010287218,2,-0.040249474,0,0.5589222,1
21,-0.018501502,3414,-0.0032999404,2,0.008856803,1,-2.134405e-05,26,0.009281129,2,0.0043413676,1,-0.0016596951,1,0.00014499575,2,0.0692655,0,0.034996036,7,0.09152272,2,0.08534043,2,-0.048736293,5,0.105440795,1,0.00034951232,3,-0.07697941,3,0.0052838163,3,0.015565232,3,-0.011624049,1,0.021359578,1,0.63852346,1
12,-0.0086146165,2122,-0.0026300978,3,0.01814257,2,0.029519785,39,0.023445288,2,0.0026339157,2,-0.051393032,2,-0.073897764,2,0.07323083,1,0.0034500463,1,-0.0726275,2,0.07966605,3,0.0398545,5,0.10969825,1,-0.0010323658,4,0.08136479,3,0.0072424365,2,-0.03741806,2,-0.00858354,1,0.02166814,1,0.61172044,1
28,0.02484322,4006,0.003915172,3,-0.017857388,2,-0.026930012,45,-0.02699773,1,-0.00013325457,1,0.00051214173,1,-0.0027810684,2,-0.06893996,3,-0.061946582,1,0.0728476,2,-0.07745364,3,-0.039610617,5,-0.098502025,1,0.0027223653,2,0.020894254,3,-0.011636592,3,-0.012687684,2,0.006121313,1,-0.012606467,0,0.65465486,1
12,0.00861134,701,0.00052537955,4,-0.02731026,2,-0.03044333,40,-0.026805261,1,-0.0011034999,1,0.00073711853,1,-0.0007921457,2,-0.07166758,3,-0.07457208,4,0.04036374,2,-0.08293447,3,-0.04136762,3,0.22078128,1,0.002576669,4,-0.08393998,3,-0.0049596373,3,-0.013069598,2,0.010906948,1,-0.013598169,0,0.5898229,1
9,-0.007040412,918,-0.0012536589,4,0.030831117,1,-0.0015624613,30,0.013547447,1,-0.000611946,1,-0.00037005544,1,0.00043451972,3,-0.07043235,3,0.0736282,3,0.11103007,2,0.07770664,3,0.04005286,2,0.012390178,1,-0.0006937543,3,-0.07828146,3,0.007245536,3,0.01464886,3,-0.007323549,1,0.016850095,1,0.6103306,1
12,-0.010190725,2762,-0.003604094,1,0.00015847571,2,0.031435866,25,0.007864336,1,0.0003292514,1,0.00021675043,1,-2.8555281e-05,3,-0.08075441,3,0.07659637,3,0.11879557,1,-0.04118589,5,0.063911885,2,0.011881022,1,-0.0007631914,3,-0.085145384,1,-0.09734903,3,0.017156089,3,-0.008378763,2,0.040024914,1,0.51725584,1
6,-0.006585469,1872,-0.0028916374,4,0.022871438,4,0.057338618,36,0.0145858545,3,0.019708829,1,-0.0020716786,1,-0.007042961,2,0.056575987,1,0.022425015,3,0.05830726,2,0.09138468,1,-0.012631189,5,0.0974289,1,-0.0143002635,1,-0.041642405,3,-9.8355114e-05,1,0.029293945,4,0.015270424,2,0.040701665,1,0.7035722,1
24,-0.019718293,2892,-0.0045027025,3,0.014205471,4,0.06486627,51,0.030277561,1,0.009108513,1,-0.00088385213,1,0.0056221327,4,0.06497572,3,0.061955713,3,0.061303567,2,0.06966473,5,0.053537756,1,-0.0007607471,1,-0.0067938883,1,-0.031038037,3,0.010619009,1,0.03421271,3,-0.013386741,1,0.01513361,1,0.69506526,1
18,0.017911194,1473,0.00041866768,3,-0.02206766,4,-0.092487104,39,-0.023952177,1,-0.00026251748,1,-0.00043482333,1,-0.00046803057,1,-0.012362972,3,-0.07280509,4,0.03909058,2,-0.08237355,2,0.055945598,3,0.23550296,1,0.00034400076,4,-0.08659366,3,-0.0039483365,3,-0.013875175,3,0.011186598,2,-0.037563775,0,0.5410825,1
36,-0.039813694,7980,-0.010407625,4,0.031528413,4,0.09202689,27,0.010376845,2,0.0045706574,1,0.000210464,1,4.2526983e-05,1,0.00981326,0,0.044049725,10,0.04091386,1,-0.03967438,2,-0.056259237,5,0.11616502,1,0.0002542202,2,-0.024929237,3,0.006736473,2,-0.038192257,3,-0.0102245435,2,0.039821062,1,0.58446413,1
18,-0.017038317,1924,-0.001849601,4,0.031289846,3,0.060192153,27,0.009912714,1,-0.0009900723,1,-0.00012807362,1,-0.0002813395,3,-0.073743165,3,0.07266793,3,0.115928054,1,-0.036018297,2,-0.05667729,2,0.010775546,1,-0.0017261184,4,0.08370169,3,0.0061664884,2,-0.039513804,3,-0.0068908627,1,0.018540356,1,0.5831567,1
30,-0.026874136,10623,-0.010215856,3,0.020519357,4,0.082774214,38,0.018719159,3,0.007857285,2,-0.050793312,1,-0.0017493907,2,0.06348032,1,0.004824929,2,-0.11281093,2,0.07884419,5,0.04866707,5,0.11114298,1,-0.0010138843,1,-0.037581917,3,0.012223993,1,0.042208236,4,0.004290106,2,0.039835054,1,0.6401016,1
18,-0.017703347,884,-0.00041771866,4,0.032431927,4,0.09341993,36,0.021467097,1,-0.00087886443,2,-0.054521274,1,-0.0015179389,3,-0.07584331,1,0.003928054,1,-0.081416726,2,0.08078048,5,0.060741417,5,0.11937623,1,0.0009734634,2,-0.026215944,1,-0.093835786,3,0.014861864,3,-0.006708388,2,0.04066004,1,0.5513859,1
12,-0.010212344,1264,-0.0010215305,4,0.030394949,4,0.08613749,57,0.045481026,1,-0.0016065501,1,-0.0012728383,1,-0.0005610287,1,0.009751417,1,0.006188525,10,0.036493797,1,-0.03795539,5,0.058534954,5,0.10991504,1,0.0016390262,1,-0.039806254,3,0.0078830635,2,-0.03770851,2,-0.009041049,1,0.019502873,1,0.6300854,1
48,0.049874023,18424,0.022844927,1,-0.00083470717,2,-0.029679839,32,-0.014262071,1,-0.0020287056,1,-0.0012007952,2,0.072976515,3,0.07120405,2,-0.015587566,0,0.10307969,2,-0.07327232,3,-0.03618391,2,-0.011910832,1,0.0011120569,3,0.076755136,1,0.087214656,3,-0.012091375,4,-0.0061254995,2,-0.03490191,0,0.37593114,0
6,-0.0019738995,3676,-0.0018321276,1,-0.0010672582,3,0.055260718,37,0.020039255,3,0.009581724,2,-0.049923025,1,0.00022358634,2,0.071778886,1,0.005320573,1,-0.07249904,2,0.08280535,3,0.038704403,5,0.099993005,1,0.0030900212,4,0.07175627,3,-0.00037506362,2,-0.03404525,3,-0.0059527094,1,0.016560392,1,0.6461141,1
24,0.024842791,3069,0.0034323856,4,-0.028559305,4,-0.07933112,30,-0.011089511,1,0.0011489931,1,0.0017571412,1,0.00070624053,3,0.066695385,3,-0.071091466,3,-0.10028072,3,0.030514168,5,-0.048293687,5,-0.099514745,1,0.0031019675,1,0.03711447,3,-0.011331281,1,-0.041851413,3,0.0064719124,1,-0.01708409,0,0.6575497,1
15,-0.014534176,3568,-0.0034928322,4,0.030947559,2,0.029008832,54,0.04363318,1,-0.0011164248,1,0.00054102857,1,0.00015104562,1,0.009885403,3,0.07360116,4,-0.03260576,2,0.08194391,5,0.06216051,2,0.010879649,1,0.0016332353,2,-0.027233556,1,-0.09393738,2,-0.039250594,4,0.009235973,2,0.03917957,1,0.58622235,1
48,-0.05419927,9960,-0.012702492,1,-0.0008467883,2,0.030864961,26,0.009345245,1,0.00027144887,1,0.00014119828,1,-0.0013172817,3,-0.0768456,3,0.077424236,3,0.11531691,2,0.08192004,2,-0.055024475,2,0.010879325,1,-0.0012478046,2,-0.027493652,3,0.006338505,3,0.015885608,3,-0.00777944,2,0.04036615,1,0.5719237,1
24,-0.025798736,4736,-0.006281387,2,0.010930034,4,0.09382894,25,0.0073169544,1,-0.0009041764,1,-4.0964223e-05,1,0.00053079426,3,-0.077516764,1,0.005117352,3,0.11835312,2,0.083700046,2,-0.05624631,2,0.011394435,1,-0.00022121472,2,-0.025765356,1,-0.097806305,3,0.01653082,2,-0.009690146,1,0.020108525,1,0.53050923,1
36,0.037499532,14318,0.019434873,4,-0.028393822,2,-0.027929328,57,-0.04421708,1,-0.0011020936,1,-0.0007267613,1,-0.00093585625,3,0.07019771,3,-0.06721919,1,0.07212291,2,-0.077807896,5,-0.05561261,5,-0.10811128,1,0.00016743562,1,0.04035488,3,-0.0058262385,1,-0.04481221,4,-0.008952702,2,-0.037847247,0,0.6286768,1
6,-0.001793821,250,2.2023916e-05,2,0.01084796,2,0.03169388,41,0.027358308,2,0.0053061913,1,-0.0002948977,1,-4.539499e-05,1,0.010030831,1,0.0066758133,1,-0.07775459,5,0.06324124,3,0.041558776,2,0.010948578,1,-0.0005929079,4,0.08679753,1,-0.095097825,3,0.015448597,2,-0.010059099,1,0.020029899,1,0.56850445,1
18,-0.015836116,1442,-0.00032894313,4,0.028676303,4,0.08208681,32,0.013584199,2,0.0038439035,2,-0.049494777,1,0.0016099662,2,0.07259058,4,-0.0107850125,1,-0.079811886,2,0.077793345,4,0.02183562,5,0.10772512,1,0.0024494105,1,-0.037679806,3,0.004087708,1,0.043634318,2,-0.011353508,1,0.018011598,1,0.63003975,1
12,-0.0083294455,888,-0.00060036406,4,0.031883094,4,0.09040623,41,0.025439799,1,-0.0006300323,2,-0.056343615,1,-0.0013405019,3,-0.069481105,3,0.07418502,1,-0.07495228,2,0.078148216,5,0.06268374,5,0.1145731,1,0.00032533007,2,-0.030524906,1,-0.092031494,3,0.015543232,2,-0.010101949,1,0.019972507,1,0.58048373,1
15,-0.011080883,802,6.365031e-05,4,0.030062664,3,0.057988103,37,0.021595713,1,-0.0010352074,2,-0.05190962,1,-1.549162e-05,3,-0.07319773,3,0.07313658,4,-0.035964746,2,0.07475294,5,0.05625207,5,0.114361435,1,-0.00010369264,2,-0.025838237,3,0.0040670675,3,0.017204376,3,-0.008835755,1,0.017164953,1,0.62350357,1
24,-0.022473784,1935,-0.00080603734,4,0.028693067,4,0.080664925,31,0.016099542,2,0.006716408,1,0.0010106526,1,0.0008847574,3,-0.07595001,1,0.009954782,10,0.041573707,2,0.066141486,5,0.057070658,1,-0.0038167029,1,0.0005238885,4,0.073239855,3,0.008261602,3,0.012546033,3,-0.007538998,2,0.036903605,1,0.65622336,1
36,-0.039264333,2862,-0.0039651515,4,0.03201651,3,0.062198076,30,0.014034763,1,0.0007913429,1,-0.00030975603,1,-0.0004602559,3,-0.0779538,0,0.04370409,1,-0.08267091,3,-0.03739444,5,0.06314495,5,0.11742984,1,0.000767082,1,-0.046100497,3,0.0062839035,1,0.044000063,3,-0.0059192968,1,0.020003382,1,0.5517592,1
24,0.021279067,2611,0.0036984906,4,-0.02382631,3,-0.05086301,46,-0.02980592,2,-0.005340837,1,-0.0014694557,1,0.00036221743,1,-0.013528056,1,0.0031524748,4,0.021542734,2,-0.06313014,5,-0.055340417,3,0.19698945,2,-0.18168299,4,-0.07172656,3,-0.0103734415,3,-0.012186535,3,0.00037860218,1,-0.01264875,0,0.6355611,1
4,0.0008613023,601,0.0013185889,1,0.00089130737,3,0.05731356,23,0.005556141,1,6.380491e-06,2,-0.04913067,1,-0.0028248727,1,0.010657356,3,0.068015575,3,0.10217778,2,0.07597363,2,-0.054176133,2,0.014146609,1,-0.00010446366,4,0.077917635,3,0.007561733,2,-0.036731325,2,-0.00944349,1,0.01861066,1,0.637448,1
12,0.008932653,2121,0.00191205,4,-0.029309954,2,-0.029397158,30,-0.0133059155,2,-0.00484292,1,-0.0020486359,1,-0.0013113301,2,-0.0733448,1,-0.0051948107,1,0.07824087,2,-0.08399759,3,-0.04052817,5,-0.108445615,1,0.004501986,3,0.078829326,3,-0.0045907353,3,-0.014300951,3,0.005853463,1,-0.020079639,0,0.6205695,1
6,-0.0020333491,6761,-0.008894887,1,-0.0013625436,3,0.06056737,45,0.032164894,2,0.0046165865,2,-0.053082928,1,0.00010697171,1,0.010322754,1,0.00543861,1,-0.07575634,2,0.08067122,4,0.022194164,5,0.11223691,1,0.0024575691,1,-0.042567987,3,0.0059719486,3,0.014895874,4,0.009687071,2,0.039222647,1,0.60368025,1
24,-0.025301924,6872,-0.00896383,2,0.011258751,1,0.00037027523,55,0.046166666,1,-0.0008993242,1,0.00035520736,1,-0.00020758435,2,0.08036152,4,-0.019384855,3,0.11819032,2,0.08322728,2,-0.057548948,1,-0.000403211,1,-0.00026744045,3,-0.08346747,1,-0.0957896,3,0.01576031,3,-0.008287036,2,0.04074995,1,0.5446179,1
12,0.009035918,1262,0.00014807284,2,-0.010557804,4,-0.08248193,49,-0.03410577,1,0.00041694194,1,0.0007166825,1,-0.002674939,2,-0.06868162,3,-0.07000262,3,-0.081380375,1,0.028283149,5,-0.045518924,1,-0.00847582,1,0.0042446656,3,0.0665259,3,0.00073995674,3,-0.015152145,2,0.0060623614,2,-0.03721591,0,0.66088897,1
18,-0.01800474,1880,-0.0026134308,4,0.03204524,1,-0.0002171211,32,0.016006578,2,0.0053568445,1,0.0013312381,1,0.00018465146,2,0.077380694,1,0.0071345605,4,-0.042860787,2,0.07931107,4,0.024293028,3,-0.24053483,1,0.0023464854,3,-0.08224971,3,0.006078191,3,0.015260689,4,0.008673165,2,0.03778009,1,0.46021265,0
12,-0.0067734155,1526,-0.006075904,4,0.023447286,4,0.081098735,66,0.052057117,2,0.008455809,1,0.004722655,1,-0.004665595,2,0.07281066,1,-0.0025129486,2,-0.10426161,2,0.06614478,5,0.049006883,5,0.093106836,1,-0.0004380322,1,-0.027342927,3,0.0040785866,1,0.032530595,4,0.007782081,1,0.018634912,1,0.6705608,1
6,0.004822431,2647,0.0024431497,2,-0.009352438,3,-0.05111987,44,-0.026264012,1,-0.0011121575,2,0.04815486,1,0.0013674945,2,-0.072056115,3,-0.06373579,4,0.02635135,4,0.028769124,3,-0.03574978,5,-0.10913886,1,-0.00058019115,4,-0.078593254,3,-0.00026895106,2,0.035384227,3,0.010917037,1,-0.015124572,0,0.6449429,1
24,-0.026689788,3092,-0.00015293807,3,0.017673343,2,0.024794346,22,0.0061673727,1,0.0036413544,1,-0.0018541962,1,-0.0011534872,3,-0.06836544,3,0.05693685,4,-0.027563829,3,-0.04192603,2,-0.047964208,3,-0.20701265,1,0.0026871264,2,-0.018914025,3,0.006209411,2,-0.031053957,3,-0.0073180534,2,0.030211285,1,0.33711308,0
48,-0.050485283,3609,-0.0042895377,1,-0.0014858209,1,-0.001557799,27,0.009114391,1,-0.0006706454,1,-0.0023176093,1,0.002491396,1,0.0073151067,4,-0.013820336,10,0.037607703,2,0.08266932,3,0.034643773,2,0.013509568,1,0.0027322676,4,0.07704517,2,0.082412496,3,0.015012903,3,-0.009205544,1,0.015810654,1,0.64110756,1
4,-0.00065372477,1455,-0.0023604855,2,0.009867833,1,-0.0019253213,42,0.025856605,3,0.009803103,2,-0.051859062,1,-0.0016155113,1,0.0118353125,1,0.0052717496,1,-0.0734411,2,0.077600464,4,0.022831568,5,0.110154636,1,0.0005772454,4,0.08519635,3,0.0050053005,3,0.013114492,2,-0.005113464,1,0.01889656,1,0.6236794,1
15,-0.012485275,1979,-0.0037033353,4,0.029755276,2,0.02861287,35,0.019534674,1,-0.00039263043,1,0.0012847241,1,0.0012580939,1,0.009080331,3,0.0723473,4,-0.03400993,1,-0.03858576,5,0.05959613,5,0.11521757,1,-0.00027177564,2,-0.025149101,3,0.0055871336,3,0.010515263,3,-0.007933082,1,0.01745699,1,0.61834776,1
12,-0.009504734,2390,-0.0021008477,4,0.029868737,3,0.05550521,50,0.03728619,1,0.00089964643,1,0.001103498,1,0.00062351953,1,0.011205221,3,0.06800596,1,-0.067662835,1,-0.04026844,5,0.05613097,5,0.114946626,1,-0.002377797,2,-0.024725903,3,0.005909231,3,0.011124917,3,-0.008196494,2,0.03566936,1,0.63041407,1
24,-0.02571443,5433,-0.0071211867,2,0.010860421,4,0.09364626,26,0.009278819,1,-0.00030991435,1,-0.000112333335,1,-7.674098e-05,1,0.011471016,3,0.07611455,2,-0.12912408,1,-0.042608596,1,0.027572142,2,0.011984107,1,-0.00050567556,3,-0.084637985,3,0.0060703526,2,-0.04082019,4,0.0095587475,2,0.040844142,1,0.47997275,0
18,-0.015382134,1131,0.0015066937,4,0.02856418,2,0.026534267,33,0.014557516,1,0.0010576616,1,-0.0007159477,1,-0.00015814323,2,0.061788894,3,0.060566783,3,0.090452105,2,0.059379503,1,0.0267046,2,0.011377976,1,0.00037621008,2,-0.022167653,3,0.0030402057,3,0.013238991,3,-0.008878282,1,0.023316158,1,0.6764334,1
36,-0.037615962,909,-0.00058927387,4,0.02978712,4,0.09038385,36,0.021465484,1,-3.8127415e-05,1,0.0007116534,1,-0.0011212425,1,0.01137995,3,0.07247491,1,-0.07818045,4,-0.038946882,5,0.063578665,5,0.112699494,1,-0.0023833215,3,-0.078787565,3,0.0066531505,3,0.016630398,3,-0.0076110465,1,0.017713329,1,0.5947214,1
9,-0.007191122,1449,0.0016102158,3,0.017850125,2,0.025306512,27,0.006658423,2,0.005012892,1,-0.0002190657,1,0.0010210425,1,0.012232527,3,0.06976199,10,0.039454833,2,0.07805369,4,0.024075944,2,0.012474803,1,-0.000102147926,2,-0.025613565,3,0.0042254757,3,0.014646983,3,-0.008564886,1,0.018902503,1,0.6379099,1
18,0.014690183,1808,-0.0025734417,4,-0.029955968,1,-0.0004402846,22,-0.003713276,1,0.0010494012,1,0.0008800123,1,-0.00046392635,1,-0.0043749427,0,-0.039129946,3,-0.09982186,2,-0.0756173,4,-0.017277354,2,-0.006821629,1,0.00407591,4,-0.06378039,3,-0.0069672978,3,-0.01365779,3,0.0035245926,1,-0.019020187,0,0.6694946,1
36,0.03993243,2348,0.0023044534,3,-0.020883169,2,-0.0281962,46,-0.033612892,2,-0.0055282116,1,-0.0020095333,1,-0.00070917606,2,-0.07531969,1,-0.0067180954,3,-0.115699,2,-0.074691325,3,-0.037216306,3,0.23020457,1,0.0014262851,3,0.083511464,3,-0.009729641,3,-0.015426571,3,0.010162119,2,-0.04259663,0,0.54703575,1
20,-0.018563014,2212,-0.005848918,4,0.018074494,4,0.07288218,39,0.0148745775,1,0.0026510712,1,0.008487612,1,0.004727775,2,0.07186429,3,0.05198256,3,0.07685068,1,-0.040336654,4,0.033113755,5,0.08409153,1,-0.000814097,2,-0.016560772,3,-0.009569783,3,0.017762303,3,0.0040737884,2,0.033431422,1,0.6885735,1
15,-0.0107350685,2327,-0.002413664,2,0.006667003,3,0.052461673,25,0.0066986866,1,-0.0007963963,1,0.0005733613,1,0.0027770419,4,0.07755722,3,0.07463203,4,-0.041293893,2,0.07430229,2,-0.0513065,2,0.011879123,1,0.0014186362,4,0.06940266,3,0.0038469827,3,0.014915753,2,-0.0042699073,1,0.02166026,1,0.6463572,1
24,-0.025905592,1376,-0.0013027061,4,0.033265173,1,-0.00010032952,28,0.011866432,1,7.36076e-05,1,-0.00014897902,1,-0.0001791101,1,0.011456802,3,0.07729666,4,-0.039891265,4,-0.041507177,4,0.02552151,2,0.011994017,1,-0.00024240813,2,-0.027434075,3,0.0062830243,3,0.016056089,3,-0.008897476,1,0.020288289,1,0.53098387,1
36,-0.024217172,1819,-0.022201039,4,0.021873586,4,0.069051534,37,0.022307254,1,-0.0013901219,1,0.003744463,1,-0.012088524,1,-0.028056135,3,0.04928896,7,0.09781824,2,0.04648359,3,0.05426968,5,0.10063861,1,-0.01833231,1,-0.03639075,2,0.06049545,1,0.027440831,3,0.0037012817,2,0.029382978,1,0.70573336,1
6,-0.0025405127,1449,-0.0014424836,1,0.00018825755,2,0.031392604,31,0.015735364,2,0.005596807,2,-0.05677385,1,-0.00023559853,3,-0.079432696,0,0.045000717,10,0.042808138,3,-0.03995879,5,0.063462675,1,0.0011902656,1,-0.00043733977,2,-0.027246473,1,-0.0984579,3,0.016526526,3,-0.009421116,1,0.019694302,1,0.4596894,0
36,-0.034871772,3835,-0.0038821176,2,0.010014194,4,0.08437067,45,0.029994562,1,0.0014432222,1,0.00066043297,1,1.9889325e-05,1,0.006034201,3,0.07385187,4,-0.03594423,1,-0.039437383,5,0.061328594,2,0.011045368,1,-0.00095894537,4,0.07520087,3,0.005249402,3,0.013644016,2,-0.007531557,2,0.037396118,1,0.6369995,1
30,0.027940348,3656,0.0021149106,4,-0.027156178,4,-0.08056603,49,-0.0371151,2,-0.004604906,1,-0.0013457052,1,0.0003554346,4,-0.07937127,1,-0.010333288,4,0.040752634,1,0.030577427,5,-0.0547036,5,-0.104315005,1,0.004492064,3,0.07546473,2,-0.08094922,3,-0.013279455,2,0.011641724,1,-0.017378304,0,0.650825,1
7,-0.0012918612,2576,0.0019627549,2,0.0068619587,2,0.023836145,35,0.017493417,1,-0.0016659386,1,0.001012817,1,-0.0049149166,3,-0.06322037,3,0.06705684,4,-0.032129705,2,0.07569802,3,0.02578503,5,0.09902328,3,0.025875926,4,0.075280406,3,0.0067004794,3,0.0086613875,3,-0.007832796,1,0.01846456,1,0.66204596,1
18,-0.012906525,1505,-0.0022911467,4,0.025038015,2,0.02614377,32,0.014810134,1,0.0005464647,1,0.0006082747,1,0.004719481,1,0.013220958,3,0.07180144,4,-0.048079874,2,0.07284589,3,0.040185105,5,0.09041768,1,0.003490652,1,-0.044735264,3,0.008889833,1,0.035288114,4,0.013216688,2,0.032437447,1,0.6633825,1
45,0.050448213,3031,0.003446835,4,-0.03229192,4,-0.09344377,21,-0.002190753,1,-0.00029464252,1,0.00050087273,1,-0.00029091164,3,0.07975017,3,-0.07844272,4,0.03757367,3,0.038478427,3,-0.04100897,5,-0.11535987,3,-0.02372341,3,0.08249349,3,-0.0059939055,2,0.04018365,3,0.010371517,1,-0.019151822,0,0.53120965,1
48,-0.03969379,10297,-0.0116294585,4,0.026005782,4,0.07352221,39,0.015978556,3,0.010210328,2,-0.044472262,1,-0.0053451136,2,0.062665276,3,0.06437598,2,-0.1028277,2,0.07467455,4,0.029004278,5,0.09437264,1,0.0028671194,1,-0.03751222,2,0.07570643,1,0.041147098,3,-0.014772663,2,0.033942945,1,0.6645308,1
7,0.0037461044,2329,0.0031956602,1,-0.0006490662,1,0.0006622565,45,-0.033445578,1,-0.00023244601,1,0.00046894792,1,0.00030084327,3,0.076013885,3,-0.07379056,4,0.037807573,2,-0.08276957,2,0.057065416,2,-0.013394443,3,-0.025059748,4,-0.085552774,3,-0.0054409886,3,-0.015994899,3,0.008428316,1,-0.018151542,0,0.5794937,1
36,-0.037419576,9055,-0.012155723,2,0.011604468,4,0.086115,35,0.014372695,1,-0.0013511945,2,-0.04846672,1,-0.0024039783,1,0.014419511,3,0.07146026,7,0.08629277,1,-0.029488672,3,0.03197506,5,0.099981,1,0.00051933853,1,-0.04245776,3,0.004223253,1,0.0402949,2,-0.0049668876,2,0.035170723,1,0.6507978,1
18,0.011952086,1239,0.0016538799,4,-0.027413016,4,-0.08233311,61,-0.044429064,1,-0.0026698112,1,-0.0007070871,1,0.003120632,3,0.06200388,3,-0.06464802,7,-0.08803962,1,0.037656944,3,-0.038498655,5,-0.10506192,1,0.0026195068,1,0.0449803,3,-0.00077581266,1,-0.041117035,3,0.013119727,1,-0.020230476,0,0.66032505,1
27,-0.020892847,3416,-0.004364297,3,0.015468872,2,0.023244144,27,0.012633221,1,0.0007710168,1,0.0016831517,1,0.0019599027,2,0.06374069,3,0.06105546,4,-0.04347005,2,0.070734106,3,0.025797721,5,0.10606204,1,0.0010361848,2,-0.021202713,3,0.0030636503,3,0.0085024,4,0.021432322,1,0.021547554,1,0.66479015,1
10,0.001045658,727,-0.0028000958,4,0.026710477,4,0.070379086,46,0.022395797,1,-0.007557098,1,-0.005187408,1,-0.0031892918,1,-0.003385576,3,0.053560942,7,0.089939594,4,-0.019188514,5,0.06412779,5,0.0916666,1,0.010621149,1,-0.03708999,3,0.00044168998,1,0.01646132,3,-0.0036490783,2,0.03417147,1,0.6869846,1
18,-0.012056467,1217,-0.0037092827,4,0.028480873,3,0.055380054,47,0.03328781,1,0.0030185673,1,-0.0007313192,1,-0.0029392373,2,0.06901288,3,0.067342445,5,0.05930378,2,0.06852151,3,0.032668184,3,-0.209602,1,0.0071945274,4,0.0832376,3,0.0027157143,3,0.0051985225,2,-0.0075615495,2,0.03316992,1,0.64816344,1
36,0.03797832,10875,0.014233198,2,-0.010033693,2,-0.030047148,45,-0.03267937,2,-0.0058829463,2,0.051674414,1,0.00030604244,1,-0.008005975,0,-0.046539497,1,0.07654656,2,-0.07839334,5,-0.060042273,5,-0.112771735,1,0.0016562231,2,0.025552455,3,-0.005332452,3,-0.015944393,3,0.008513089,2,-0.039318547,0,0.6092527,1
12,-0.010683943,2930,-0.0025421623,2,0.010055894,1,-6.3364394e-05,27,0.010736582,1,-0.000982848,1,0.00087883323,1,-0.00076827034,3,-0.076839045,3,0.072924584,4,-0.038772747,2,0.080996476,4,0.024733841,2,0.012742091,1,-0.0001717927,4,0.086348265,3,0.00497932,3,0.016614242,3,-0.008007061,1,0.019013595,1,0.5961611,1
12,-0.0037828193,1935,0.0024770685,4,0.017172318,4,0.064063825,43,0.017032789,3,0.008975018,1,0.011312816,1,-0.0032260576,1,-0.0015332005,1,0.01350913,3,0.060941637,2,0.051677145,5,0.08009271,5,0.078923225,1,0.0029558474,4,0.07422249,3,-0.014854114,3,0.003840805,3,-0.026442192,2,0.01465296,1,0.70912397,1
24,0.022878183,2375,0.0018047802,4,-0.030917097,2,-0.028547764,44,-0.029347958,2,-0.00528646,2,0.05219237,1,-0.0011225268,1,-0.012120944,0,-0.042817585,10,-0.04022712,4,0.03665015,3,-0.03720075,5,-0.11177945,1,-0.0003140783,2,0.026077185,3,-0.004802793,3,-0.014670563,3,0.011707078,2,-0.039376974,0,0.618115,1
48,-0.051597886,4788,-0.0042515937,4,0.031435348,3,0.05975991,26,0.010247514,1,-0.0011753011,2,-0.053626254,1,-0.0006111041,2,0.07499936,3,0.07401024,2,-0.120140605,2,0.08263773,4,0.026949823,5,0.1154944,1,0.00016350113,3,-0.08282953,3,0.004036964,3,0.012838606,3,-0.009410335,1,0.015182701,1,0.58791137,1
24,0.024955604,1938,0.0022869613,4,-0.032079298,3,-0.061118897,32,-0.01578582,1,0.00034811534,1,-4.2669475e-05,1,-0.00021958724,2,-0.07734689,3,-0.07395148,4,0.038845453,2,-0.082522824,2,0.0540701,1,-0.0010750763,1,0.0007765903,3,0.08136389,3,-0.0054774373,3,-0.016205892,3,0.008934781,1,-0.01959774,0,0.58292544,1
9,-0.002084074,1126,-0.0038103275,2,0.010797692,4,0.086037576,49,0.031411782,1,0.0036651865,1,0.0006483849,1,0.00038931658,4,0.07432746,3,0.06254705,4,-0.02761017,3,-0.037046365,5,0.043247335,1,0.0026786649,1,-0.0014900921,4,0.06530432,3,0.005441565,3,0.016888635,3,-0.010857325,1,0.023720749,1,0.66273904,1
6,0.0018014712,609,0.0003231736,4,-0.0326783,3,-0.062279675,37,-0.02204943,2,-0.00501018,1,0.0002673827,2,0.07810374,2,-0.0766034,1,-0.009247575,1,0.081144795,2,-0.084305644,4,-0.024650794,2,-0.013359146,1,-1.7320388e-05,3,0.083267815,3,-0.006303386,3,-0.015531667,3,0.010723775,1,-0.019777268,0,0.55464906,1
11,-0.008411259,1577,-0.0039611477,4,0.030788861,1,0.0014992319,20,0.0017503481,1,-0.0012960527,1,7.876381e-05,1,-0.0012868186,3,-0.06724359,3,0.064931475,3,0.11190803,5,0.062136836,2,-0.052662347,2,0.012878006,1,0.001397631,4,0.07486814,3,0.006110698,3,0.015347699,3,-0.008671294,1,0.019077515,1,0.6237723,1
24,-0.02028966,2670,-0.0034614466,4,0.02674399,4,0.07923658,35,0.016409274,1,-0.0032170636,1,0.002843678,1,-0.0005566403,1,0.017547028,3,0.05287786,2,-0.11031225,2,0.07159321,5,0.053509463,5,0.111403175,1,-0.00372107,2,-0.012175819,3,0.0018168194,3,0.013885121,4,-0.0007077949,2,0.04098028,1,0.65834314,1
18,-0.019734757,1345,-0.00058425777,4,0.032177914,3,0.0623845,26,0.008582063,1,-0.00028514955,1,-0.0010663532,1,-0.00080166943,2,0.08077013,3,0.07068078,4,-0.0369343,2,0.081682146,3,0.0411916,3,-0.23866694,1,-0.001159234,4,0.08290038,1,-0.09738568,3,0.016615685,3,-0.005532534,1,0.019075975,1,0.54362154,1
6,-0.0025987083,1198,-0.0053787753,4,0.0332435,4,0.07503427,35,0.017091054,1,-0.00018113619,1,-0.0012930278,1,-0.0003384631,2,0.058398217,4,-0.010037657,7,0.07120733,2,0.060058773,5,0.047233995,2,0.0060707964,1,0.014923271,1,-0.04598855,3,0.0006706668,1,0.03542435,3,0.0055167684,1,0.024558283,1,0.6801236,1
12,-0.011515096,585,-0.00061723404,4,0.02539587,4,0.08565236,20,-0.0009662397,2,0.0023451634,1,-0.0013439283,1,-0.0019976571,3,-0.0680214,0,0.044045404,4,-0.03367815,2,0.072668366,3,0.03958476,3,-0.2211181,2,0.19630957,4,0.085512444,3,0.0021120552,2,-0.03595002,3,-0.006050019,1,0.019847931,1,0.5918321,1
12,0.010808283,1480,0.0028577521,2,-0.010129263,4,-0.08731325,66,-0.056674674,3,-0.009376159,1,0.00026032887,1,-0.00079188123,4,-0.08367834,1,-0.0044976333,1,0.07628171,4,0.03661971,1,-0.02988915,5,-0.11112295,1,-0.0007001851,1,0.044803925,1,0.088087514,1,-0.041309703,1,-0.054103244,1,-0.017117482,0,0.6180028,1
6,-0.0023265635,1538,-0.0024385527,1,-6.204005e-05,2,0.02746478,56,0.04568713,1,0.0014118534,1,-0.0026607346,1,0.00089868717,1,0.009891268,3,0.065917656,7,0.09644993,2,0.08249185,2,-0.052028537,2,0.010631971,1,0.002128714,1,-0.04516833,3,0.0038762502,3,0.018623702,3,-0.0073810937,1,0.016515423,1,0.6287729,1
36,-0.041197494,2820,-0.003581122,4,0.03319066,4,0.0944294,27,0.010496698,2,0.0056298114,1,0.0006091427,1,0.00041244924,3,-0.080483496,1,0.006471324,1,-0.08053413,2,0.0843032,2,-0.058594316,1,0.00042545982,1,-0.00055463077,2,-0.02801373,3,0.0069923624,3,0.015767701,3,-0.009045874,1,0.019810274,1,0.48504865,0
18,-0.014332877,4439,-0.0138268955,1,-0.0046446826,1,-0.008922296,33,0.00742753,1,0.006303571,1,6.4000487e-06,1,0.007934444,3,-0.054312464,3,0.06484115,10,0.04599446,2,0.061290596,5,0.046323676,5,0.09456665,2,0.14144003,4,0.054385394,1,-0.07191728,3,0.010336461,4,0.020181648,2,0.021427855,1,0.69341123,1
48,-0.05175754,6758,-0.0075644106,3,0.020308638,2,0.030523658,31,0.015297353,1,-0.00039195595,1,-0.001720407,1,0.0014207563,2,0.07285263,3,0.07081178,4,-0.035863936,2,0.07759333,3,0.037372835,2,0.013470598,1,-0.0026233997,2,-0.024201017,3,0.006011688,3,0.013711728,3,-0.010583959,2,0.04005587,1,0.6263426,1
24,-0.023135303,11328,-0.00997895,2,0.01056149,3,0.05361096,29,0.009839445,2,0.0035488605,1,-0.00044404715,1,0.002712613,3,-0.07005927,3,0.07373904,0,-0.09887587,2,0.07835953,3,0.030370345,5,0.10103738,2,0.18532752,2,-0.02061919,1,-0.081939824,3,0.011839878,4,0.0061069876,2,0.035373364,1,0.6414954,1
8,0.0013417719,731,0.0015451051,4,-0.027936298,4,-0.07588276,47,-0.03476366,2,-0.017759297,1,-0.00042831153,1,0.006386945,2,-0.065300405,1,-0.00033091102,1,0.08055553,2,-0.041052192,5,-0.055725478,5,-0.08509365,1,0.019968996,4,-0.06558191,3,0.0056838384,3,-0.029219706,2,-0.0025096945,1,-0.025144264,0,0.692025,1
6,-0.0014174831,484,0.00026882114,3,0.022057876,3,0.060064923,28,0.010392208,1,-0.0016227178,1,0.00063852477,1,0.00029984117,3,-0.07780405,3,0.07447764,4,-0.04185506,2,0.07961281,4,0.024392545,3,-0.24099107,3,0.0269702,4,0.0852724,1,-0.094225205,3,0.013861275,2,-0.008680085,1,0.017249206,1,0.47129026,0
12,-0.008126206,1185,0.0019587204,3,0.018647615,2,0.028461663,27,0.010035434,2,0.0063380264,1,0.0018869136,1,-0.00228628,1,0.0013742102,1,0.004551841,10,0.042387508,2,0.076798305,3,0.037642308,2,0.014384325,1,-0.0053800726,4,0.07011403,3,0.0028904956,3,0.017547105,3,-0.007061868,1,0.015082164,1,0.6551156,1
15,-0.013135029,1360,-0.00063067116,4,0.031033877,2,0.029812224,31,0.014173916,2,0.004911393,1,-0.00045113266,1,-0.00067924254,1,0.01048163,1,0.007838722,4,-0.038004935,2,0.08084147,3,0.039577,5,0.11266415,1,-0.001326474,3,-0.079358235,3,0.0059455875,3,0.015179692,3,-0.008016147,1,0.01906764,1,0.60991645,1
48,-0.05659599,5381,-0.0056386134,3,0.021196527,4,0.09324212,40,0.027276076,1,0.0010784133,1,0.0002651587,1,-0.00056082616,3,-0.077677846,3,0.07364733,0,-0.10719028,1,-0.041451678,1,0.026916735,5,0.11778668,1,-0.0021499898,1,-0.0444377,1,-0.09759713,1,0.044353873,1,0.059048213,2,0.039729603,1,0.5323527,1
12,-0.005370088,2748,-0.0038480721,2,0.011837742,4,0.08145406,57,0.044857666,3,0.007817693,1,-0.0019658618,1,-9.168405e-05,1,0.00904929,1,0.004467258,7,0.09534845,2,0.074876264,5,0.0612094,2,0.006233571,1,0.0033882326,1,-0.04211522,1,-0.08239993,1,0.03443507,2,-0.008456264,1,0.016347945,1,0.64594495,1
4,0.00039626868,1494,-0.0021736985,1,-0.00029123668,2,0.030560683,29,0.012027254,1,-0.00041601807,2,-0.056153685,2,-0.079207875,4,0.0841272,3,0.07529489,1,-0.078180306,1,-0.039466992,2,-0.056423128,5,0.11670987,1,-0.0011414336,4,0.0858115,3,0.0073115136,3,0.017325958,2,-0.011000996,1,0.019636149,1,0.558876,1
21,-0.019246591,3275,-0.0044295527,1,0.0002186615,4,0.08852205,36,0.020813318,1,-9.0863556e-05,1,0.00035461225,1,0.00026609004,1,0.0076409997,1,0.0076582357,2,-0.114533484,2,0.0765894,5,0.06002438,5,0.1056778,1,-0.0019892738,2,-0.026228927,3,0.004832902,3,0.013469409,4,0.0086496305,2,0.0411665,1,0.62851256,1
24,-0.025323436,9277,-0.011863673,2,0.01092964,4,0.09346702,48,0.03755513,1,4.651025e-05,1,-0.00011809915,1,0.00049536675,1,0.01050526,3,0.07724505,2,-0.12743329,1,-0.04226829,3,0.04232906,1,-4.2219996e-05,1,-0.0011387225,1,-0.045216575,3,0.0067731394,1,0.044432797,3,-0.008781536,2,0.040325142,1,0.5475921,1
24,-0.01791757,2978,-0.004282996,4,0.023105677,4,0.0760217,32,0.01427855,2,0.0025086533,2,-0.04724151,1,0.00033733808,1,0.0054197162,0,0.033851754,10,0.04452438,1,-0.03281124,3,0.03038615,5,0.10033732,1,-0.0034560182,4,0.078224964,3,0.004253676,3,0.017736787,3,-0.010241458,2,0.038019057,1,0.66668266,1
24,-0.022521785,5150,-0.0045275986,4,0.022665512,4,0.0594451,33,0.0032471938,1,-0.0065061087,1,-0.0006907657,1,-0.00028011203,1,0.012153206,1,0.011345451,3,0.11587995,2,0.070795365,5,0.04605123,5,0.089364946,1,-0.007367566,2,-0.017571546,3,0.0030376872,3,0.01292811,3,-0.01572103,2,0.035465524,1,0.69029427,1
18,-0.014364324,750,-0.0057856813,4,0.025103603,1,0.0067699794,27,0.016904818,1,-0.0020630863,1,-0.0024274956,1,0.0040874165,2,0.06349676,3,0.06722474,7,0.06784456,2,0.03911322,1,0.00769125,2,0.0010548471,1,0.013206595,4,0.083410956,3,0.004436613,3,0.0012095831,1,0.0390865,1,0.008994754,1,0.6978544,1
9,0.006017331,2118,0.0006106086,2,-0.00560013,2,-0.028106734,37,-0.02032616,1,-0.0020079622,2,0.050479118,1,-0.00039064698,3,0.06491032,3,-0.07023184,4,0.037598114,2,-0.07501536,3,-0.041572765,5,-0.111154795,1,0.0040030554,4,-0.07519681,3,-0.004003502,3,-0.01737264,2,0.013056337,1,-0.01652743,0,0.63848025,1
12,-0.010270955,1934,-0.0017688163,2,0.010743402,2,0.027919313,26,0.009430956,2,0.0065487563,1,-0.00092142064,1,0.00011150725,1,0.009582005,1,0.0069730217,4,-0.04004498,2,0.08020251,5,0.061399154,5,0.10978439,1,-0.0030526035,1,-0.0438931,3,0.007823033,3,0.01590269,3,-0.006911841,1,0.018780319,1,0.6233482,1
24,-0.024423892,2964,-0.0034071058,4,0.031161146,4,0.091473974,49,0.03860324,1,0.00021108054,2,-0.05529873,1,0.00044559687,2,0.07534165,3,0.07515277,2,-0.122283116,1,-0.040440306,5,0.06208527,5,0.11202687,1,0.0015288573,1,-0.045755498,1,-0.09584987,1,0.044738572,3,-0.010287495,2,0.040937327,1,0.5839551,1
12,-0.008241825,639,-0.004234351,4,0.031788312,2,0.030364137,30,0.010246431,1,0.004383075,1,0.0042262375,1,-0.002838429,3,-0.07156649,3,0.054148693,6,0.061503332,2,0.07205493,3,0.039108228,5,0.10098148,1,1.713913e-05,2,-0.019614425,3,0.0058879238,3,0.015123596,3,-0.006450433,1,0.021888347,1,0.6603067,1
45,-0.052630633,4746,-0.0061212187,4,0.03241784,2,0.03150657,25,0.00793305,2,0.0055230055,1,-0.00022577401,1,0.0004466679,3,-0.07971092,1,0.0066651213,4,-0.039964586,2,0.08419366,2,-0.058244243,5,0.11782755,1,-0.00030194852,3,-0.08465202,3,0.0059164753,3,0.015920887,2,-0.00872964,1,0.020470986,1,0.49589786,0
24,-0.02418614,947,-0.0005477518,4,0.029284261,3,0.058737136,38,0.023198564,1,-0.00047489628,2,-0.049124844,1,-0.002393607,4,0.08154169,3,0.06619927,1,-0.07269441,2,0.08158548,4,0.026529301,5,0.11054316,1,-0.000537036,1,-0.045481395,1,-0.09058957,1,0.03987894,3,-0.006763816,1,0.01898665,1,0.61644644,1
48,-0.05190576,3578,-0.005156867,4,0.030358661,1,0.0009989692,47,0.032864172,1,0.0003892649,1,0.00044844486,1,-0.0012974571,1,0.008787116,1,0.0057826666,4,-0.038499873,1,-0.035455465,5,0.061918467,5,0.11000002,1,-0.0005578861,4,0.082825005,3,0.0057574473,3,0.017171888,3,-0.009694573,2,0.037344996,1,0.6204053,1
48,-0.03886138,3051,-0.0044038445,3,0.004910987,4,0.06788324,54,0.035983063,1,-0.0036343317,1,0.0019161291,1,-0.00025719032,2,0.063485585,3,0.08184375,5,0.057644196,2,0.076508164,3,0.043477524,5,0.07663291,1,-0.001557902,2,-0.047014855,3,0.00025610998,3,0.022509348,3,-0.020247003,1,0.0011589876,1,0.6949951,1
18,-0.01576469,3650,-0.0045212433,1,0.00072578155,4,0.082481325,22,0.0049875826,1,0.0001780456,1,-0.001978375,1,-0.0009895561,2,0.07178012,3,0.06450607,3,0.10541953,2,0.07516967,2,-0.04697977,2,0.0097101275,1,-0.00064361095,2,-0.02532188,3,0.00651538,2,-0.030013492,3,-0.01104085,1,0.017732188,1,0.643598,1
12,-0.0074765976,385,-0.0036958754,4,0.02913879,3,0.04865911,58,0.039634876,4,0.021487586,1,-0.005077528,1,-0.004914572,2,0.07192579,1,0.018812327,4,-0.021294702,2,0.05713856,4,0.018346868,2,0.0071253944,1,-0.0035314483,4,0.06514686,3,0.013544628,3,0.019963205,2,-0.019567575,2,0.027319392,1,0.675349,1
10,-0.0067401878,2069,-0.0010849461,2,0.009131681,1,0.00064094923,26,0.00789801,2,0.0018361155,1,0.0017781928,2,-0.07655331,1,0.010037961,1,0.0062801866,3,0.11106275,1,-0.03884923,3,0.04299782,3,-0.24005988,1,-0.0021627487,2,-0.026542204,3,0.006060839,3,0.014468126,3,-0.010732875,1,0.01905457,1,0.41196507,0
24,0.01938022,4870,0.0078162365,3,-0.018662678,4,-0.076030694,53,-0.040858176,2,-0.0076305065,2,0.048180617,1,-0.0017550606,2,-0.07193789,0,-0.032656197,1,0.067982264,2,-0.073545285,3,-0.039163202,5,-0.10866082,1,-0.00020542368,1,0.037176926,3,0.0029029585,1,-0.036774818,3,0.0067641027,1,-0.012047821,0,0.6562349,1
12,-0.009227664,5801,-0.008624336,2,0.0101391785,4,0.08665426,49,0.03651466,1,-0.0008288417,1,0.0023296364,1,0.00045709684,1,0.0032334342,1,0.009434617,3,0.10894854,1,-0.0326529,5,0.053184956,5,0.10745558,1,-0.00014893431,3,-0.06947127,3,0.0034657083,2,-0.035910092,3,-0.0133835245,2,0.03597225,1,0.6369602,1
24,-0.02571377,4042,-0.004084156,3,0.020975947,4,0.09367725,43,0.031519204,2,0.00539215,1,-0.00022722408,1,0.000121051446,1,0.009293184,1,0.00637687,2,-0.12559512,1,-0.04173876,4,0.023732755,5,0.11899703,1,0.00034128176,3,-0.08421543,3,0.006444426,3,0.015620554,3,-0.009909388,2,0.0418185,1,0.5381166,1
6,0.0029482474,14555,0.018288627,1,-2.1234155e-06,2,-0.031341538,23,-0.0045328652,1,0.00018475577,1,0.00011771498,1,-0.0002557747,3,0.07771852,3,-0.07602334,1,0.07947262,1,0.0422771,1,-0.026500048,5,-0.117562555,1,0.0019528307,3,0.083330356,3,-0.006657308,3,-0.016652945,1,-0.0598657,2,-0.040319342,0,0.53343886,1
12,0.00991651,1736,0.0038815215,3,-0.01324349,4,-0.07959363,31,-0.014483535,1,0.011673652,1,-0.0075128037,1,0.003718827,1,-0.0020788647,3,-0.076668926,3,-0.061932456,2,-0.07828892,4,-0.023892496,2,-0.0053749266,1,0.0013524792,4,-0.06679449,3,0.0007967218,3,-0.011334328,2,0.010185399,1,-0.015951993,0,0.6938885,1
15,-0.013625863,1569,-0.0020097177,4,0.032893896,4,0.0941997,34,0.01964916,1,-0.0004659351,2,-0.056452297,1,-7.0896e-05,1,0.012802843,4,-0.018634347,4,-0.03981734,3,-0.03816336,5,0.06359958,5,0.117904104,1,-0.0003694374,2,-0.028627641,1,-0.09606653,3,0.01545192,2,-0.010208815,1,0.019610882,1,0.5325314,1
9,0.004705425,2799,0.0020749383,2,-0.0102774305,2,-0.027466208,36,-0.017082058,2,-0.005960325,2,0.04759085,1,0.00058366545,2,-0.07421928,1,-0.00952678,1,0.075522974,2,-0.075696856,3,-0.035222504,5,-0.10383282,1,0.0003144713,4,-0.079246774,3,-0.0045535774,2,0.032331385,3,0.009901726,1,-0.017011136,0,0.6367419,1
10,-0.0075798105,2901,-0.0039179325,1,-0.00032776874,4,0.09434883,31,0.0154170375,1,0.00029647257,1,-0.00055191666,1,-7.806346e-05,1,0.011603407,3,0.07627175,2,-0.12700628,1,-0.041135732,2,-0.058732267,2,0.012080534,1,-0.00097114965,4,0.08806856,3,0.005684525,2,-0.04139987,3,-0.009286084,1,0.019804401,1,0.51306874,1
24,0.02570189,3512,0.0037456225,2,-0.010891067,3,-0.0635462,38,-0.024303097,2,-0.0051660948,1,-0.000418365,1,3.8444297e-05,3,0.07898971,3,-0.07720232,1,0.08087471,3,0.04070571,4,-0.024341265,5,-0.117060095,1,0.00014065218,2,0.026982605,1,0.09845112,3,-0.016287457,3,0.008378495,2,-0.040784862,0,0.5047732,1
48,0.055328764,12749,0.015800267,4,-0.032171912,1,-0.00017503835,37,-0.023194842,1,0.00014152897,1,0.00029357243,1,-0.0002887994,1,-0.011327903,0,-0.044326168,4,0.038517043,4,0.0383076,4,-0.023845833,5,-0.1166161,1,0.0010785563,2,0.02602686,3,-0.0062807193,3,-0.015717931,4,-0.009376773,2,-0.040191695,0,0.5703181,1
6,-0.0037250072,1209,-0.0006428212,4,0.028877549,4,0.08750978,47,0.03386571,1,-0.0012259898,1,-0.00048309006,1,8.953735e-05,3,-0.07208372,0,0.042249966,1,-0.07508865,2,0.08133249,1,0.027241249,5,0.10836318,1,-0.0001428742,3,-0.08163199,3,0.007692588,3,0.01419377,4,0.011143675,2,0.039597385,1,0.6180728,1
12,-0.009683767,3016,-0.0043903664,3,0.021625869,1,-0.0004539471,24,0.006444351,1,0.0012549283,1,-0.00026323646,1,0.0011174455,4,0.08375046,3,0.07492038,4,-0.04000481,2,0.08184531,3,0.03901665,3,-0.2426923,1,-0.0010949976,2,-0.025995301,3,0.0077050566,3,0.015902543,3,-0.008231795,1,0.01866093,1,0.5064938,1
12,-0.0075777117,652,-0.0022999682,4,0.026833717,4,0.07112216,24,0.008422607,1,-0.0038397205,1,-0.00024111476,1,-4.4394284e-05,2,0.07456434,3,0.073035635,3,0.09229133,2,0.0672782,5,0.05066092,2,0.008080902,1,0.0028445546,3,-0.06091506,3,0.005902503,2,-0.0345343,3,-0.016873812,1,0.012118139,1,0.67277616,1
36,-0.038161755,4686,-0.0043764897,2,0.010844866,2,0.02849225,32,0.014062561,1,0.0013952563,1,1.542503e-05,1,0.0026224013,1,0.012028617,3,0.07163667,2,-0.1109625,2,0.07622882,3,0.039579794,5,0.10924083,1,-0.00018591993,1,-0.04448767,3,0.00211791,1,0.038628347,4,0.0069836527,2,0.037348192,1,0.6208632,1
18,0.016843934,1530,0.002576558,3,-0.020850753,2,-0.03095217,32,-0.016969688,2,-0.005179342,1,-2.3126602e-05,1,0.00016656332,1,-0.010870708,1,-0.0069335895,1,0.080651015,2,-0.08465173,3,-0.041547686,5,-0.115347415,1,0.00026430562,3,0.08172282,1,0.09571983,3,-0.014671287,3,0.0076594735,1,-0.019794542,0,0.537799,1
20,0.014928164,4272,0.0050972253,1,-0.0011963891,4,-0.080384344,24,-0.0057559917,2,-0.005668273,1,0.0019945912,1,0.0010223836,2,-0.06271019,1,-0.007733591,3,-0.10488245,2,-0.07914221,5,-0.05365438,2,-0.0032757847,1,-0.0012652178,3,0.06927034,3,-0.0013812575,3,-0.016423475,3,0.01543698,1,-0.021736752,0,0.65971637,1
12,0.010197772,958,0.0017507784,2,-0.010735331,3,-0.05842241,47,-0.032547627,2,-0.004554227,2,0.054948695,1,-0.00040688273,3,0.07224403,1,-0.008389664,1,0.07200227,2,-0.078988336,4,-0.02619131,5,-0.112564646,1,0.001954207,4,-0.082941614,3,-0.0056839418,3,-0.017141894,2,0.011108808,1,-0.015855981,0,0.6100554,1
48,-0.05396406,3914,-0.005426353,4,0.03200609,2,0.030318659,38,0.023908019,1,-0.0012545753,1,-1.882948e-05,1,0.00075603276,1,0.011265934,3,0.07372278,10,0.041412383,1,-0.041135803,3,0.03951965,1,0.00014734361,1,-0.0009445222,4,0.086003356,1,-0.09152165,3,0.016729217,3,-0.008595469,1,0.019281154,1,0.5821313,1
18,0.010217247,7374,0.008240722,4,-0.023870297,4,-0.076941065,40,-0.02110092,2,-0.013880756,1,0.0025885105,1,-0.0032555554,3,0.07215037,1,-0.005119955,3,-0.0768743,2,-0.06821038,1,-0.022412617,5,-0.10281588,1,-0.0059880903,3,0.07303201,2,-0.07425254,3,-0.014101939,4,-0.008358766,2,-0.030889535,0,0.67935234,1
12,-0.010010993,625,-0.0009428449,4,0.029714257,1,-0.00014032703,26,0.008475713,1,0.0019702455,1,-0.0014313795,1,-0.00057364255,3,-0.07504584,3,0.06478084,4,-0.03406754,2,0.07564181,2,-0.05620563,3,-0.23054798,3,0.02575349,4,0.08174793,1,-0.09040503,3,0.012095543,2,-0.008207543,1,0.017294407,1,0.40297118,0
48,0.050251555,10222,0.012520377,4,-0.030106772,3,-0.058692075,37,-0.02047657,1,-0.00027963147,1,0.0005381508,1,0.0010060547,1,-0.0090078665,3,-0.06998804,4,0.035431556,1,0.034181476,4,-0.022355434,5,-0.10837669,1,0.0015925718,2,0.02667602,2,-0.08312615,3,-0.0126918005,3,0.007137425,2,-0.0383756,0,0.6353859,1
48,-0.04753588,3931,-0.0017217472,4,0.02703419,4,0.08138631,46,0.027814059,1,-0.0014505528,2,-0.047127955,1,0.0038214214,2,0.06551142,3,0.06367253,1,-0.070563994,2,0.07076943,4,0.021306584,5,0.10189665,1,0.0027425569,1,-0.04148243,3,0.0031488687,1,0.039291054,3,-0.006408642,1,0.02582049,1,0.6508913,1
48,0.04927176,6110,0.00595288,1,-0.0009785611,3,-0.054088157,31,-0.014167664,1,-0.0006970726,1,-0.0030886382,1,0.0012272,1,-0.0086362185,1,-0.008875772,7,-0.08950439,2,-0.07576381,3,-0.035953917,5,-0.10599081,1,0.0012883064,1,0.045207128,1,0.09038803,1,-0.043324977,3,0.00010891631,2,-0.037169784,0,0.63568896,1
18,-0.014009602,1941,-0.0030025095,4,0.028299233,2,0.027409034,35,0.01877633,1,0.00015093014,1,0.0007930696,1,0.00080200285,3,-0.06924485,3,0.071101785,10,0.040681705,5,0.063092425,3,0.03485056,5,0.10274644,1,0.0043610707,3,-0.07204023,3,0.006398174,3,0.009249903,2,-0.013204209,2,0.037118584,1,0.63082784,1
12,0.010135511,1963,0.002763942,4,-0.031343512,2,-0.027161008,31,-0.012540076,2,-0.0057456614,2,0.05291029,1,0.0031491024,1,-0.012550049,3,-0.07411794,4,0.0341947,2,-0.07615153,4,-0.021818992,5,-0.10706488,1,0.0019106448,2,0.024444437,3,-0.0074442765,2,0.03653714,4,-0.011862026,2,-0.038999252,0,0.6244821,1
24,0.023770442,4113,0.0041363332,3,-0.020517377,4,-0.09067681,28,-0.01061843,1,-0.00010077283,1,-0.00012455508,1,-0.0008623749,3,0.07957514,3,-0.07062219,2,0.124371186,4,0.039559886,2,0.05438118,2,-0.010727163,1,0.0020396654,2,0.027199179,3,-0.006065067,2,0.037929762,3,0.007675577,1,-0.019352254,0,0.41221073,0
36,0.033994727,4463,0.0059755147,4,-0.030259065,2,-0.0336909,26,-0.007355064,2,-0.0074703265,1,-0.00029296987,1,0.001135024,1,-0.009789417,0,-0.03913712,4,0.031013804,2,-0.07130551,3,-0.035079423,5,-0.104062855,1,-0.0026639914,2,0.02521018,3,-0.0053798063,3,-0.018435562,4,-0.0009172703,2,-0.03469357,0,0.64417166,1
6,-0.0017510082,2080,-0.0027049147,1,-0.0017482657,2,0.026090428,24,0.005173225,1,-0.0009044036,1,-0.001297635,1,0.0008328594,1,0.009722771,1,0.0063142525,1,-0.07044865,4,-0.038996406,3,0.037646852,3,-0.23128559,1,0.001239433,2,-0.023195941,3,0.007238105,3,0.015365408,3,-0.010528497,1,0.01936639,1,0.3727038,0
21,0.021054845,2319,0.0027139504,2,-0.010330392,1,0.00020090863,33,-0.01791528,1,0.00013080798,1,-0.0004432518,1,-5.7953876e-05,4,-0.08480195,1,-0.007105088,7,-0.103922755,2,-0.083365865,2,0.057394657,1,0.00032346044,1,0.00019873027,2,0.027102869,3,-0.0056511015,2,0.039510097,3,0.0087562315,1,-0.019020045,0,0.58359873,1
18,0.012291012,2864,0.011592094,2,-0.0066392124,1,-0.00015898608,34,-0.02814598,1,-0.0035775043,2,0.042813353,1,0.0041089654,4,-0.053768888,3,-0.059258528,3,-0.0896088,2,-0.030479526,3,-0.039148897,5,-0.08685214,1,-0.007017754,4,-0.057163764,3,-0.013387671,3,-0.0219496,2,0.006672108,1,-0.0057152295,0,0.69802296,1
24,-0.021452103,3777,0.00067831203,4,0.02112796,4,0.059361476,50,0.026080905,1,0.011145309,1,-0.0043636058,1,0.005195113,1,0.009163145,1,-0.021489156,3,0.07440682,5,0.03143887,3,0.026887592,5,0.08528656,1,-0.00043644197,4,0.06947135,3,0.016223919,3,-0.010879675,3,0.03439113,2,0.025142143,1,0.70305115,1
18,0.016584734,2427,0.004101578,4,-0.032114852,2,-0.03142257,42,-0.02928808,2,-0.00559023,1,-0.00010176562,1,0.00010994158,3,0.07629682,0,-0.044518963,10,-0.040156525,1,0.03943406,5,-0.0624138,5,-0.11473468,1,0.00043770578,3,0.0811121,3,-0.005121574,3,-0.016768405,3,0.009371908,1,-0.019676158,0,0.5832253,1
15,-0.015776686,4657,-0.005401045,3,0.020416096,2,0.027665809,30,0.010743999,1,0.0012285691,1,0.0001816582,1,-0.0018453995,1,0.011106617,3,0.06984213,2,-0.11885899,2,0.07736455,3,0.040158324,5,0.113113604,1,0.0035510028,2,-0.024669185,3,0.0065141423,3,0.013369539,3,-0.007335411,2,0.03713424,1,0.6234264,1
24,0.0237779,1442,0.0030415691,4,-0.031140734,4,-0.09023824,23,-0.0052580945,2,-0.004847765,1,0.00043673627,1,-0.00038414448,2,-0.077415645,3,-0.07039362,1,0.07433228,2,-0.07901739,4,-0.022329617,2,-0.009393933,1,0.0013784687,2,0.022896755,3,-0.0056891674,2,0.037892483,3,0.01002719,1,-0.019733276,0,0.61567414,1
